<?xml version="1.0" encoding="UTF-8"?><benchmark>
    <product>pcma</product>
    <application_info>
        <info>
            <name>ui_version</name>
            <value>2.0.3716</value>
        </info>
        <info>
            <name>benchmark_run_id</name>
            <value>801170de-8332-43b0-a321-e516751b753c</value>
        </info>
        <info>
            <name>install_id</name>
            <value>bc3eaae1-2479-4e5b-b0cd-50d206382d94</value>
        </info>
        <info>
            <name>application_version</name>
            <value>2.0.3716</value>
        </info>
    </application_info>
    <test_info>
        <benchmark_tests>
            <benchmark_test name="PcmaWorkv2" version="2.0" test_run_type="EXPLICIT"/>
        </benchmark_tests>
        <workload_sets>
            <workload_set name="PcmaWebBrowsingV2"/>
            <workload_set name="PcmaVideoEditing"/>
            <workload_set name="PcmaWritingV2"/>
            <workload_set name="PcmaPhotoEditingV2"/>
            <workload_set name="PcmaDataManipulation"/>
        </workload_sets>
    </test_info>
    <sets>
        <set>
            <name>PcmaWebBrowsingV2</name>
            <workloads>
                <workload>
                    <name>PcmaWebBrowsingV2</name>
                    <settings>
                        <setting>
                            <name>monitoring_data_folder</name>
                            <value>/data/user/0/com.futuremark.pcmark.android.benchmark/files/21101884623803</value>
                        </setting>
                        <setting>
                            <name>workload_progress_end</name>
                            <value>20</value>
                        </setting>
                        <setting>
                            <name>workload_progress_start</name>
                            <value>0</value>
                        </setting>
                        <setting>
                            <name>dlc_name</name>
                            <value>pcma-webtestv2-data</value>
                        </setting>
                        <setting>
                            <name>workload_resource_root</name>
                            <value>file:/storage/emulated/0/Android/data/com.futuremark.pcmark.android.benchmark/files/dlc/</value>
                        </setting>
                        <setting>
                            <name>progress_screen_delay_ms</name>
                            <value>5000</value>
                        </setting>
                        <setting>
                            <name>save_logcat_log_in_result</name>
                            <value>false</value>
                        </setting>
                        <setting>
                            <name>loop_bmrun_indefinitely</name>
                            <value>false</value>
                        </setting>
                        <setting>
                            <name>loop_bmrun_fixed_passes</name>
                            <value>1</value>
                        </setting>
                        <setting>
                            <name>thread_count</name>
                            <value>8</value>
                        </setting>
                        <setting>
                            <name>enable_dump</name>
                            <value>false</value>
                        </setting>
                        <setting>
                            <name>workload_name</name>
                            <value>PcmaWebBrowsingV2</value>
                        </setting>
                        <setting>
                            <name>set_name</name>
                            <value>PcmaWebBrowsingV2</value>
                        </setting>
                    </settings>
                    <results>
                        <result pass_index="0">
                            <status code="0"/>
                            <secondary_results>
                                <secondary_result result_type="PcmaWebFrostypinWriteSearchTime" unit="ms" quantity="">439.0</secondary_result>
                                <secondary_result result_type="PcmaWebFrostypinRenderItemsTime" unit="ms" quantity="">74.0</secondary_result>
                                <secondary_result result_type="PcmaWebFrostypinOpenSearchTime" unit="ms" quantity="">594.0</secondary_result>
                                <secondary_result result_type="PcmaWebFrostypinAddItemTime" unit="ms" quantity="">31.0</secondary_result>
                                <secondary_result result_type="PcmaWebFrostypinItemScrollFramerate" unit="fps" quantity="">58.030966</secondary_result>
                                <secondary_result result_type="PcmaWebFrostypinAddAnimationFramerate" unit="fps" quantity="">56.480081</secondary_result>
                                <secondary_result result_type="PcmaWebFrostypinOpenItemFramerate" unit="fps" quantity="">56.565657</secondary_result>
                                <secondary_result unit="ms" quantity="DbgPcmaWebViewInitializationTime">206.572469</secondary_result>
                                <secondary_result unit="s" quantity="start_time">21102.757603</secondary_result>
                                <secondary_result unit="s" quantity="end_time">21168.275198</secondary_result>
                            </secondary_results>
                        </result>
                    </results>
                </workload>
            </workloads>
        </set>
        <set>
            <name>PcmaVideoEditing</name>
            <workloads>
                <workload>
                    <name>PcmaVideoEditing</name>
                    <settings>
                        <setting>
                            <name>monitoring_data_folder</name>
                            <value>/data/user/0/com.futuremark.pcmark.android.benchmark/files/21101884623803</value>
                        </setting>
                        <setting>
                            <name>workload_progress_end</name>
                            <value>40</value>
                        </setting>
                        <setting>
                            <name>workload_progress_start</name>
                            <value>20</value>
                        </setting>
                        <setting>
                            <name>dlc_name</name>
                            <value>pcma-videoediting-data</value>
                        </setting>
                        <setting>
                            <name>workload_resource_root</name>
                            <value>file:/storage/emulated/0/Android/data/com.futuremark.pcmark.android.benchmark/files/dlc/</value>
                        </setting>
                        <setting>
                            <name>progress_screen_delay_ms</name>
                            <value>5000</value>
                        </setting>
                        <setting>
                            <name>save_logcat_log_in_result</name>
                            <value>false</value>
                        </setting>
                        <setting>
                            <name>loop_bmrun_indefinitely</name>
                            <value>false</value>
                        </setting>
                        <setting>
                            <name>loop_bmrun_fixed_passes</name>
                            <value>1</value>
                        </setting>
                        <setting>
                            <name>thread_count</name>
                            <value>8</value>
                        </setting>
                        <setting>
                            <name>enable_dump</name>
                            <value>false</value>
                        </setting>
                        <setting>
                            <name>workload_name</name>
                            <value>PcmaVideoEditing</value>
                        </setting>
                        <setting>
                            <name>set_name</name>
                            <value>PcmaVideoEditing</value>
                        </setting>
                    </settings>
                    <results>
                        <result pass_index="0">
                            <status code="0"/>
                            <secondary_results>
                                <secondary_result unit="fps" quantity="mountain_1280x720_30fps_vbr.aviAvgGLFps">59.938168</secondary_result>
                                <secondary_result unit="fps" quantity="mountain_1280x720_30fps_vbr.aviAvgDecFps">29.620026</secondary_result>
                                <secondary_result unit="fps" quantity="mountain_1920x1080_30fps_vbr.aviAvgGLFps">60.436821</secondary_result>
                                <secondary_result unit="fps" quantity="mountain_1920x1080_30fps_vbr.aviAvgDecFps">29.719757</secondary_result>
                                <secondary_result unit="fps" quantity="mountain_2560x1440_30fps_vbr.aviAvgGLFps">60.237358</secondary_result>
                                <secondary_result unit="fps" quantity="mountain_2560x1440_30fps_vbr.aviAvgDecFps">29.620026</secondary_result>
                                <secondary_result unit="fps" quantity="mountain_3200x1800_30fps_vbr.aviAvgGLFps">60.33709</secondary_result>
                                <secondary_result unit="fps" quantity="mountain_3200x1800_30fps_vbr.aviAvgDecFps">29.719757</secondary_result>
                                <secondary_result unit="fps" quantity="storm_1280x720_60fps_vbr.aviAvgGLFps">60.33709</secondary_result>
                                <secondary_result unit="fps" quantity="storm_1280x720_60fps_vbr.aviAvgDecFps">58.940861</secondary_result>
                                <secondary_result unit="fps" quantity="storm_1920x1080_60fps_vbr.aviAvgGLFps">60.436821</secondary_result>
                                <secondary_result unit="fps" quantity="storm_1920x1080_60fps_vbr.aviAvgDecFps">59.040592</secondary_result>
                                <secondary_result unit="fps" quantity="storm_2560x1440_60fps_vbr.aviAvgGLFps">60.33709</secondary_result>
                                <secondary_result unit="fps" quantity="storm_2560x1440_60fps_vbr.aviAvgDecFps">59.040592</secondary_result>
                                <secondary_result unit="fps" quantity="storm_3200x1800_60fps_vbr.aviAvgGLFps">60.436821</secondary_result>
                                <secondary_result unit="fps" quantity="storm_3200x1800_60fps_vbr.aviAvgDecFps">54.353245</secondary_result>
                                <secondary_result result_type="PcmaVideoEditingGL30fps" unit="fps" quantity="">240.949436</secondary_result>
                                <secondary_result result_type="PcmaVideoEditingDecoding30fps" unit="fps" quantity="">237.359131</secondary_result>
                                <secondary_result result_type="PcmaVideoEditingGL60fps" unit="fps" quantity="">240.949436</secondary_result>
                                <secondary_result result_type="PcmaVideoEditingDecoding60fps" unit="fps" quantity="">231.37529</secondary_result>
                                <secondary_result unit="ms" quantity="time_extracting_ms">191.0</secondary_result>
                                <secondary_result unit="ms" quantity="time_decoding">1393.0</secondary_result>
                                <secondary_result unit="ms" quantity="time_decoding_idle">3060.0</secondary_result>
                                <secondary_result unit="ms" quantity="time_buffer_swap">265.0</secondary_result>
                                <secondary_result unit="ms" quantity="time_encoding_muxing">593.0</secondary_result>
                                <secondary_result unit="ms" quantity="time_encoding_idle">6229.0</secondary_result>
                                <secondary_result result_type="PcmaVideoEditingSaving" unit="ms" quantity="">11753.0</secondary_result>
                                <secondary_result unit="s" quantity="start_time">21169.430894</secondary_result>
                                <secondary_result unit="s" quantity="end_time">21265.558106</secondary_result>
                            </secondary_results>
                        </result>
                    </results>
                </workload>
            </workloads>
        </set>
        <set>
            <name>PcmaWritingV2</name>
            <workloads>
                <workload>
                    <name>PcmaWritingV2</name>
                    <settings>
                        <setting>
                            <name>monitoring_data_folder</name>
                            <value>/data/user/0/com.futuremark.pcmark.android.benchmark/files/21101884623803</value>
                        </setting>
                        <setting>
                            <name>workload_progress_end</name>
                            <value>60</value>
                        </setting>
                        <setting>
                            <name>workload_progress_start</name>
                            <value>40</value>
                        </setting>
                        <setting>
                            <name>dlc_name</name>
                            <value>pcma-texteditingv2-data</value>
                        </setting>
                        <setting>
                            <name>workload_resource_root</name>
                            <value>file:/storage/emulated/0/Android/data/com.futuremark.pcmark.android.benchmark/files/dlc/</value>
                        </setting>
                        <setting>
                            <name>progress_screen_delay_ms</name>
                            <value>5000</value>
                        </setting>
                        <setting>
                            <name>save_logcat_log_in_result</name>
                            <value>false</value>
                        </setting>
                        <setting>
                            <name>loop_bmrun_indefinitely</name>
                            <value>false</value>
                        </setting>
                        <setting>
                            <name>loop_bmrun_fixed_passes</name>
                            <value>1</value>
                        </setting>
                        <setting>
                            <name>thread_count</name>
                            <value>8</value>
                        </setting>
                        <setting>
                            <name>enable_dump</name>
                            <value>false</value>
                        </setting>
                        <setting>
                            <name>workload_name</name>
                            <value>PcmaWritingV2</value>
                        </setting>
                        <setting>
                            <name>set_name</name>
                            <value>PcmaWritingV2</value>
                        </setting>
                    </settings>
                    <results>
                        <result pass_index="0">
                            <status code="0"/>
                            <secondary_results>
                                <secondary_result unit="ms" quantity="DbgPcmaSubWriting_load_first">85.0</secondary_result>
                                <secondary_result unit="ms" quantity="DbgPcmaSubWriting_decompress_first">100.0</secondary_result>
                                <secondary_result unit="ms" quantity="DbgPcmaSubWriting_load_second">98.0</secondary_result>
                                <secondary_result unit="ms" quantity="DbgPcmaSubWriting_decompress_second">137.0</secondary_result>
                                <secondary_result unit="ms" quantity="DbgPcmaSubWriting_load_first_comb">185.0</secondary_result>
                                <secondary_result unit="ms" quantity="DbgPcmaSubWriting_load_second_comb">235.0</secondary_result>
                                <secondary_result result_type="PcmaWritingLoad" unit="ms" quantity="">208.0</secondary_result>
                                <secondary_result unit="ms" quantity="DbgPcmaSubWriting_copy">7.0</secondary_result>
                                <secondary_result unit="ms" quantity="DbgPcmaSubWriting_paste_insert_text">601.0</secondary_result>
                                <secondary_result unit="ms" quantity="DbgPcmaSubWriting_paste_ui_text">16.0</secondary_result>
                                <secondary_result unit="ms" quantity="DbgPcmaSubWriting_paste_insert_image">88.0</secondary_result>
                                <secondary_result unit="ms" quantity="DbgPcmaSubWriting_paste_ui_image">13.0</secondary_result>
                                <secondary_result result_type="PcmaWritingCopyPaste" unit="ms" quantity="">725.0</secondary_result>
                                <secondary_result unit="ms" quantity="DbgPcmaSubWriting_add_img_create_image">53.0</secondary_result>
                                <secondary_result unit="ms" quantity="DbgPcmaSubWriting_add_img_text">30.0</secondary_result>
                                <secondary_result unit="ms" quantity="DbgPcmaSubWriting_add_img_ui_response">16.0</secondary_result>
                                <secondary_result result_type="PcmaWritingInsertPictures" unit="ms" quantity="">99.0</secondary_result>
                                <secondary_result unit="ms" quantity="DbgPcmaSubWriting_save_as">2.0</secondary_result>
                                <secondary_result unit="ms" quantity="DbgPcmaSubWriting_compress_as_image_1">110.0</secondary_result>
                                <secondary_result unit="ms" quantity="DbgPcmaSubWriting_compress_as_image_2">90.0</secondary_result>
                                <secondary_result unit="ms" quantity="DbgPcmaSubWriting_compress_as_image_3">146.0</secondary_result>
                                <secondary_result unit="ms" quantity="DbgPcmaSubWriting_compress_as_image_4">86.0</secondary_result>
                                <secondary_result unit="ms" quantity="DbgPcmaSubWriting_compress_as_TextEditing">22.0</secondary_result>
                                <secondary_result unit="ms" quantity="DbgPcmaSubWriting_save_auto_one">2.0</secondary_result>
                                <secondary_result unit="ms" quantity="DbgPcmaSubWriting_compress_auto_one_image_1">108.0</secondary_result>
                                <secondary_result unit="ms" quantity="DbgPcmaSubWriting_compress_auto_one_image_2">89.0</secondary_result>
                                <secondary_result unit="ms" quantity="DbgPcmaSubWriting_compress_auto_one_image_3">146.0</secondary_result>
                                <secondary_result unit="ms" quantity="DbgPcmaSubWriting_compress_auto_one_image_4">84.0</secondary_result>
                                <secondary_result unit="ms" quantity="DbgPcmaSubWriting_compress_auto_one_image_5">88.0</secondary_result>
                                <secondary_result unit="ms" quantity="DbgPcmaSubWriting_compress_auto_one_TextEditingAutoOne">22.0</secondary_result>
                                <secondary_result unit="ms" quantity="DbgPcmaSubWriting_save_as_comb">456.0</secondary_result>
                                <secondary_result unit="ms" quantity="DbgPcmaSubWriting_save_auto_one_comb">539.0</secondary_result>
                                <secondary_result result_type="PcmaWritingSave" unit="ms" quantity="">495.0</secondary_result>
                                <secondary_result unit="ms" quantity="DbgPcmaSubWriting_create_pdf">417.0</secondary_result>
                                <secondary_result unit="ms" quantity="DbgPcmaSubWriting_save_as_pdf">219.0</secondary_result>
                                <secondary_result unit="ms" quantity="DbgPcmaSubWriting_load_pdf_pages">500.0</secondary_result>
                                <secondary_result unit="ms" quantity="DbgPcmaSubWriting_render_pdf_pages">1727.0</secondary_result>
                                <secondary_result result_type="PcmaWritingPdf" unit="ms" quantity="">529.0</secondary_result>
                                <secondary_result unit="ms" quantity="DbgPcmaSubWriting_encrypt_time">450.0</secondary_result>
                                <secondary_result unit="ms" quantity="DbgPcmaSubWriting_decrypt_time">435.0</secondary_result>
                                <secondary_result result_type="PcmaWritingCryptography" unit="ms" quantity="">442.0</secondary_result>
                                <secondary_result unit="s" quantity="start_time">21266.691661</secondary_result>
                                <secondary_result unit="s" quantity="end_time">21344.264237</secondary_result>
                            </secondary_results>
                        </result>
                    </results>
                </workload>
            </workloads>
        </set>
        <set>
            <name>PcmaPhotoEditingV2</name>
            <workloads>
                <workload>
                    <name>PcmaPhotoEditingV2</name>
                    <settings>
                        <setting>
                            <name>monitoring_data_folder</name>
                            <value>/data/user/0/com.futuremark.pcmark.android.benchmark/files/21101884623803</value>
                        </setting>
                        <setting>
                            <name>workload_progress_end</name>
                            <value>80</value>
                        </setting>
                        <setting>
                            <name>workload_progress_start</name>
                            <value>60</value>
                        </setting>
                        <setting>
                            <name>dlc_name</name>
                            <value>pcma-phototestv2-data</value>
                        </setting>
                        <setting>
                            <name>workload_resource_root</name>
                            <value>file:/storage/emulated/0/Android/data/com.futuremark.pcmark.android.benchmark/files/dlc/</value>
                        </setting>
                        <setting>
                            <name>progress_screen_delay_ms</name>
                            <value>5000</value>
                        </setting>
                        <setting>
                            <name>save_logcat_log_in_result</name>
                            <value>false</value>
                        </setting>
                        <setting>
                            <name>loop_bmrun_indefinitely</name>
                            <value>false</value>
                        </setting>
                        <setting>
                            <name>loop_bmrun_fixed_passes</name>
                            <value>1</value>
                        </setting>
                        <setting>
                            <name>thread_count</name>
                            <value>8</value>
                        </setting>
                        <setting>
                            <name>enable_dump</name>
                            <value>false</value>
                        </setting>
                        <setting>
                            <name>workload_name</name>
                            <value>PcmaPhotoEditingV2</value>
                        </setting>
                        <setting>
                            <name>set_name</name>
                            <value>PcmaPhotoEditingV2</value>
                        </setting>
                    </settings>
                    <results>
                        <result pass_index="0">
                            <status code="0"/>
                            <secondary_results>
                                <secondary_result unit="ms" quantity="DbgPcmaPhotoEditingRenderScriptInit">73.32</secondary_result>
                                <secondary_result unit="ms" quantity="DbgPcmaPhotoEditingBlur_create">1.94</secondary_result>
                                <secondary_result unit="ms" quantity="DbgPcmaPhotoEditingBlur_release">0.0</secondary_result>
                                <secondary_result unit="ms" quantity="DbgPcmaPhotoEditingSharpen3x3_create">0.85</secondary_result>
                                <secondary_result unit="ms" quantity="DbgPcmaPhotoEditingSharpen3x3_release">0.0</secondary_result>
                                <secondary_result unit="ms" quantity="DbgPcmaPhotoEditingEmboss3x3_create">0.3</secondary_result>
                                <secondary_result unit="ms" quantity="DbgPcmaPhotoEditingEmboss3x3_release">0.0</secondary_result>
                                <secondary_result unit="ms" quantity="DbgPcmaPhotoEditingBlurSharpen3x3Emboss3x3SaveToken_alloc">0.22</secondary_result>
                                <secondary_result unit="ms" quantity="DbgPcmaPhotoEditingBlurSharpen3x3Emboss3x3SaveToken_tex2buf">48.61</secondary_result>
                                <secondary_result unit="ms" quantity="DbgPcmaPhotoEditingBlurSharpen3x3Emboss3x3SaveToken_buf2bmp">4.42</secondary_result>
                                <secondary_result unit="ms" quantity="DbgPcmaPhotoEditingBlurSharpen3x3Emboss3x3SaveToken_bmp2fil">162.41</secondary_result>
                                <secondary_result unit="ms" quantity="DbgPcmaPhotoEditingFlipJava_create">0.12</secondary_result>
                                <secondary_result unit="ms" quantity="DbgPcmaPhotoEditingFlipJava_release">0.0</secondary_result>
                                <secondary_result unit="ms" quantity="DbgPcmaPhotoEditingRgbadjust_create">0.19</secondary_result>
                                <secondary_result unit="ms" quantity="DbgPcmaPhotoEditingRgbadjust_release">0.0</secondary_result>
                                <secondary_result unit="ms" quantity="DbgPcmaPhotoEditingContrastJava_create">0.2</secondary_result>
                                <secondary_result unit="ms" quantity="DbgPcmaPhotoEditingContrastJava_release">0.0</secondary_result>
                                <secondary_result unit="ms" quantity="DbgPcmaPhotoEditingRotateJava_create">0.01</secondary_result>
                                <secondary_result unit="ms" quantity="DbgPcmaPhotoEditingRotateJava_release">0.0</secondary_result>
                                <secondary_result unit="ms" quantity="DbgPcmaPhotoEditingCrop_create">0.14</secondary_result>
                                <secondary_result unit="ms" quantity="DbgPcmaPhotoEditingCrop_release">0.0</secondary_result>
                                <secondary_result unit="ms" quantity="DbgPcmaPhotoEditingThirdPartyExposure1">153.35</secondary_result>
                                <secondary_result unit="ms" quantity="DbgPcmaPhotoEditingThirdPartyExposure2">134.74</secondary_result>
                                <secondary_result unit="ms" quantity="DbgPcmaPhotoEditingThirdPartyExposure3">128.1</secondary_result>
                                <secondary_result unit="ms" quantity="DbgPcmaPhotoEditingExposure_create">0.16</secondary_result>
                                <secondary_result unit="ms" quantity="DbgPcmaPhotoEditingExposure_release">0.0</secondary_result>
                                <secondary_result unit="ms" quantity="DbgPcmaPhotoEditingCrossprocess_create">2.02</secondary_result>
                                <secondary_result unit="ms" quantity="DbgPcmaPhotoEditingCrossprocess_release">0.04</secondary_result>
                                <secondary_result unit="ms" quantity="DbgPcmaPhotoEditingFlip_create">0.8</secondary_result>
                                <secondary_result unit="ms" quantity="DbgPcmaPhotoEditingFlip_release">0.04</secondary_result>
                                <secondary_result unit="ms" quantity="DbgPcmaPhotoEditingFlipSaveToken_alloc">0.36</secondary_result>
                                <secondary_result unit="ms" quantity="DbgPcmaPhotoEditingFlipSaveToken_tex2buf">45.53</secondary_result>
                                <secondary_result unit="ms" quantity="DbgPcmaPhotoEditingFlipSaveToken_buf2bmp">10.92</secondary_result>
                                <secondary_result unit="ms" quantity="DbgPcmaPhotoEditingFlipSaveToken_bmp2fil">135.63</secondary_result>
                                <secondary_result unit="ms" quantity="DbgPcmaPhotoEditingContrast_create">0.8</secondary_result>
                                <secondary_result unit="ms" quantity="DbgPcmaPhotoEditingContrast_release">0.04</secondary_result>
                                <secondary_result unit="ms" quantity="DbgPcmaPhotoEditingAutofix_create">0.79</secondary_result>
                                <secondary_result unit="ms" quantity="DbgPcmaPhotoEditingAutofix_release">0.06</secondary_result>
                                <secondary_result unit="ms" quantity="DbgPcmaPhotoEditingGrain_create">0.89</secondary_result>
                                <secondary_result unit="ms" quantity="DbgPcmaPhotoEditingGrain_release">0.04</secondary_result>
                                <secondary_result unit="ms" quantity="DbgPcmaPhotoEditingRotate_create">0.83</secondary_result>
                                <secondary_result unit="ms" quantity="DbgPcmaPhotoEditingRotate_release">0.05</secondary_result>
                                <secondary_result unit="ms" quantity="DbgPcmaPhotoEditingGrainRotateSaveToken_alloc">0.44</secondary_result>
                                <secondary_result unit="ms" quantity="DbgPcmaPhotoEditingGrainRotateSaveToken_tex2buf">42.62</secondary_result>
                                <secondary_result unit="ms" quantity="DbgPcmaPhotoEditingGrainRotateSaveToken_buf2bmp">10.69</secondary_result>
                                <secondary_result unit="ms" quantity="DbgPcmaPhotoEditingGrainRotateSaveToken_bmp2fil">130.7</secondary_result>
                                <secondary_result unit="ms" quantity="DbgPcmaPhotoEditingLomoish_create">0.78</secondary_result>
                                <secondary_result unit="ms" quantity="DbgPcmaPhotoEditingLomoish_release">0.04</secondary_result>
                                <secondary_result unit="ms" quantity="DbgPcmaPhotoEditingGrayscale2_RENDERDELAY_WARN">0.646</secondary_result>
                                <secondary_result unit="ms" quantity="DbgPcmaPhotoEditingGrayscale3_RENDERDELAY_WARN">0.521</secondary_result>
                                <secondary_result unit="ms" quantity="DbgPcmaPhotoEditingGrayscale_create">0.82</secondary_result>
                                <secondary_result unit="ms" quantity="DbgPcmaPhotoEditingGrayscale_release">0.04</secondary_result>
                                <secondary_result unit="ms" quantity="DbgPcmaPhotoEditingGrayscaleSaveToken_alloc">0.24</secondary_result>
                                <secondary_result unit="ms" quantity="DbgPcmaPhotoEditingGrayscaleSaveToken_tex2buf">44.53</secondary_result>
                                <secondary_result unit="ms" quantity="DbgPcmaPhotoEditingGrayscaleSaveToken_buf2bmp">10.71</secondary_result>
                                <secondary_result unit="ms" quantity="DbgPcmaPhotoEditingGrayscaleSaveToken_bmp2fil">128.11</secondary_result>
                                <secondary_result unit="ms" quantity="DbgPcmaPhotoEditingSaturate_create">0.8</secondary_result>
                                <secondary_result unit="ms" quantity="DbgPcmaPhotoEditingSaturate_release">0.04</secondary_result>
                                <secondary_result unit="ms" quantity="DbgPcmaPhotoEditingDocumentary2_RENDERDELAY_WARN">0.938</secondary_result>
                                <secondary_result unit="ms" quantity="DbgPcmaPhotoEditingDocumentary_create">0.76</secondary_result>
                                <secondary_result unit="ms" quantity="DbgPcmaPhotoEditingDocumentary_release">0.04</secondary_result>
                                <secondary_result unit="ms" quantity="DbgPcmaPhotoEditingSharpen_create">0.78</secondary_result>
                                <secondary_result unit="ms" quantity="DbgPcmaPhotoEditingSharpen_release">0.05</secondary_result>
                                <secondary_result unit="ms" quantity="DbgPcmaPhotoEditingTemperature2_RENDERDELAY_WARN">0.982</secondary_result>
                                <secondary_result unit="ms" quantity="DbgPcmaPhotoEditingTemperature_create">0.72</secondary_result>
                                <secondary_result unit="ms" quantity="DbgPcmaPhotoEditingTemperature_release">0.03</secondary_result>
                                <secondary_result unit="ms" quantity="DbgPcmaPhotoEditingFilllight2_RENDERDELAY_WARN">0.444</secondary_result>
                                <secondary_result unit="ms" quantity="DbgPcmaPhotoEditingFilllight_create">0.71</secondary_result>
                                <secondary_result unit="ms" quantity="DbgPcmaPhotoEditingFilllight_release">0.04</secondary_result>
                                <secondary_result unit="ms" quantity="DbgPcmaPhotoEditingFisheye_create">0.84</secondary_result>
                                <secondary_result unit="ms" quantity="DbgPcmaPhotoEditingFisheye_release">0.04</secondary_result>
                                <secondary_result unit="ms" quantity="DbgPcmaPhotoEditingFilllightFisheyeSaveToken_alloc">0.29</secondary_result>
                                <secondary_result unit="ms" quantity="DbgPcmaPhotoEditingFilllightFisheyeSaveToken_tex2buf">40.48</secondary_result>
                                <secondary_result unit="ms" quantity="DbgPcmaPhotoEditingFilllightFisheyeSaveToken_buf2bmp">10.12</secondary_result>
                                <secondary_result unit="ms" quantity="DbgPcmaPhotoEditingFilllightFisheyeSaveToken_bmp2fil">137.4</secondary_result>
                                <secondary_result unit="ms" quantity="DbgPcmaPhotoEditingRedEye_create">1.14</secondary_result>
                                <secondary_result unit="ms" quantity="DbgPcmaPhotoEditingRedEye_release">0.14</secondary_result>
                                <secondary_result unit="ms" quantity="DbgPcmaPhotoEditingRedEyeSaveToken_alloc">0.25</secondary_result>
                                <secondary_result unit="ms" quantity="DbgPcmaPhotoEditingRedEyeSaveToken_tex2buf">47.22</secondary_result>
                                <secondary_result unit="ms" quantity="DbgPcmaPhotoEditingRedEyeSaveToken_buf2bmp">10.58</secondary_result>
                                <secondary_result unit="ms" quantity="DbgPcmaPhotoEditingRedEyeSaveToken_bmp2fil">141.39</secondary_result>
                                <secondary_result unit="ms" quantity="DbgPcmaPhotoEditingCleanup_gl">1.1</secondary_result>
                                <secondary_result unit="ms" quantity="DbgPcmaPhotoEditingCleanup_worker">1.2</secondary_result>
                                <secondary_result unit="ms" quantity="DbgPcmaPhotoEditingRotate1">14.814897</secondary_result>
                                <secondary_result unit="ms" quantity="DbgPcmaPhotoEditingRotate2">10.725574</secondary_result>
                                <secondary_result unit="ms" quantity="DbgPcmaPhotoEditingRotate3">13.138856</secondary_result>
                                <secondary_result result_type="PcmaPhotoEditingRotate" unit="ms" quantity="">12.893</secondary_result>
                                <secondary_result unit="ms" quantity="DbgPcmaPhotoEditingTemperature1">25.507816</secondary_result>
                                <secondary_result unit="ms" quantity="DbgPcmaPhotoEditingTemperature2">8.90323</secondary_result>
                                <secondary_result unit="ms" quantity="DbgPcmaPhotoEditingTemperature3">7.551303</secondary_result>
                                <secondary_result result_type="PcmaPhotoEditingTemperature" unit="ms" quantity="">13.987</secondary_result>
                                <secondary_result unit="ms" quantity="DbgPcmaPhotoEditingLoad1">93.818863</secondary_result>
                                <secondary_result unit="ms" quantity="DbgPcmaPhotoEditingLoad2">79.834801</secondary_result>
                                <secondary_result unit="ms" quantity="DbgPcmaPhotoEditingLoad3">72.047714</secondary_result>
                                <secondary_result unit="ms" quantity="DbgPcmaPhotoEditingLoad4">77.498497</secondary_result>
                                <secondary_result unit="ms" quantity="DbgPcmaPhotoEditingLoad5">72.694176</secondary_result>
                                <secondary_result unit="ms" quantity="DbgPcmaPhotoEditingLoad6">76.704849</secondary_result>
                                <secondary_result unit="ms" quantity="DbgPcmaPhotoEditingLoad7">88.530899</secondary_result>
                                <secondary_result unit="ms" quantity="DbgPcmaPhotoEditingLoad8">76.037193</secondary_result>
                                <secondary_result unit="ms" quantity="DbgPcmaPhotoEditingLoad9">79.249283</secondary_result>
                                <secondary_result unit="ms" quantity="DbgPcmaPhotoEditingLoad10">82.022606</secondary_result>
                                <secondary_result unit="ms" quantity="DbgPcmaPhotoEditingLoad11">78.170372</secondary_result>
                                <secondary_result unit="ms" quantity="DbgPcmaPhotoEditingLoad12">80.654694</secondary_result>
                                <secondary_result unit="ms" quantity="DbgPcmaPhotoEditingLoad13">80.458031</secondary_result>
                                <secondary_result result_type="PcmaPhotoEditingLoad" unit="ms" quantity="">79.825</secondary_result>
                                <secondary_result unit="ms" quantity="DbgPcmaPhotoEditingLomoish1">30.683128</secondary_result>
                                <secondary_result unit="ms" quantity="DbgPcmaPhotoEditingLomoish2">16.873075</secondary_result>
                                <secondary_result unit="ms" quantity="DbgPcmaPhotoEditingLomoish3">13.576407</secondary_result>
                                <secondary_result result_type="PcmaPhotoEditingLomoish" unit="ms" quantity="">20.378</secondary_result>
                                <secondary_result unit="ms" quantity="DbgPcmaPhotoEditingDisplay1">29.0923</secondary_result>
                                <secondary_result unit="ms" quantity="DbgPcmaPhotoEditingDisplay2">13.796463</secondary_result>
                                <secondary_result unit="ms" quantity="DbgPcmaPhotoEditingDisplay3">13.622658</secondary_result>
                                <secondary_result unit="ms" quantity="DbgPcmaPhotoEditingDisplay4">16.879433</secondary_result>
                                <secondary_result unit="ms" quantity="DbgPcmaPhotoEditingDisplay5">12.366875</secondary_result>
                                <secondary_result unit="ms" quantity="DbgPcmaPhotoEditingDisplay6">12.8312</secondary_result>
                                <secondary_result unit="ms" quantity="DbgPcmaPhotoEditingDisplay7">12.900253</secondary_result>
                                <secondary_result unit="ms" quantity="DbgPcmaPhotoEditingDisplay8">12.675369</secondary_result>
                                <secondary_result unit="ms" quantity="DbgPcmaPhotoEditingDisplay9">26.562027</secondary_result>
                                <secondary_result unit="ms" quantity="DbgPcmaPhotoEditingDisplay10">12.467506</secondary_result>
                                <secondary_result unit="ms" quantity="DbgPcmaPhotoEditingDisplay11">12.278183</secondary_result>
                                <secondary_result unit="ms" quantity="DbgPcmaPhotoEditingDisplay12">12.143799</secondary_result>
                                <secondary_result unit="ms" quantity="DbgPcmaPhotoEditingDisplay13">24.030212</secondary_result>
                                <secondary_result result_type="PcmaPhotoEditingDisplay" unit="ms" quantity="">16.28</secondary_result>
                                <secondary_result unit="ms" quantity="DbgPcmaPhotoEditingBlurRs1">111.109024</secondary_result>
                                <secondary_result unit="ms" quantity="DbgPcmaPhotoEditingBlurRs2">91.560791</secondary_result>
                                <secondary_result unit="ms" quantity="DbgPcmaPhotoEditingBlurRs3">92.191315</secondary_result>
                                <secondary_result result_type="PcmaPhotoEditingBlurRs" unit="ms" quantity="">98.287</secondary_result>
                                <secondary_result unit="ms" quantity="DbgPcmaPhotoEditingFisheye1">23.013128</secondary_result>
                                <secondary_result unit="ms" quantity="DbgPcmaPhotoEditingFisheye2">14.424272</secondary_result>
                                <secondary_result unit="ms" quantity="DbgPcmaPhotoEditingFisheye3">11.746408</secondary_result>
                                <secondary_result result_type="PcmaPhotoEditingFisheye" unit="ms" quantity="">16.395</secondary_result>
                                <secondary_result unit="ms" quantity="DbgPcmaPhotoEditingAutofix1">112.153763</secondary_result>
                                <secondary_result unit="ms" quantity="DbgPcmaPhotoEditingAutofix2">12.253699</secondary_result>
                                <secondary_result unit="ms" quantity="DbgPcmaPhotoEditingAutofix3">14.137918</secondary_result>
                                <secondary_result result_type="PcmaPhotoEditingAutofix" unit="ms" quantity="">46.182</secondary_result>
                                <secondary_result unit="ms" quantity="DbgPcmaPhotoEditingRedEyeFaceDetect1">104.170166</secondary_result>
                                <secondary_result unit="ms" quantity="DbgPcmaPhotoEditingRedEyeFaceDetect2">98.26683</secondary_result>
                                <secondary_result unit="ms" quantity="DbgPcmaPhotoEditingRedEyeFaceDetect3">98.310272</secondary_result>
                                <secondary_result result_type="PcmaPhotoEditingRedEyeFaceDetect" unit="ms" quantity="">100.249</secondary_result>
                                <secondary_result unit="ms" quantity="DbgPcmaPhotoEditingSharpenRs1">42.947453</secondary_result>
                                <secondary_result unit="ms" quantity="DbgPcmaPhotoEditingSharpenRs2">41.618546</secondary_result>
                                <secondary_result unit="ms" quantity="DbgPcmaPhotoEditingSharpenRs3">37.432762</secondary_result>
                                <secondary_result result_type="PcmaPhotoEditingSharpenRs" unit="ms" quantity="">40.666</secondary_result>
                                <secondary_result unit="ms" quantity="DbgPcmaPhotoEditingRotateJava1">38.139118</secondary_result>
                                <secondary_result unit="ms" quantity="DbgPcmaPhotoEditingRotateJava2">37.629272</secondary_result>
                                <secondary_result unit="ms" quantity="DbgPcmaPhotoEditingRotateJava3">38.169121</secondary_result>
                                <secondary_result result_type="PcmaPhotoEditingRotateJava" unit="ms" quantity="">37.979</secondary_result>
                                <secondary_result unit="ms" quantity="DbgPcmaPhotoEditingGrayscale1">30.300472</secondary_result>
                                <secondary_result unit="ms" quantity="DbgPcmaPhotoEditingGrayscale2">11.045574</secondary_result>
                                <secondary_result unit="ms" quantity="DbgPcmaPhotoEditingGrayscale3">9.925574</secondary_result>
                                <secondary_result result_type="PcmaPhotoEditingGrayscale" unit="ms" quantity="">17.091</secondary_result>
                                <secondary_result unit="ms" quantity="DbgPcmaPhotoEditingFlip1">25.526199</secondary_result>
                                <secondary_result unit="ms" quantity="DbgPcmaPhotoEditingFlip2">10.29922</secondary_result>
                                <secondary_result unit="ms" quantity="DbgPcmaPhotoEditingFlip3">10.412033</secondary_result>
                                <secondary_result result_type="PcmaPhotoEditingFlip" unit="ms" quantity="">15.412</secondary_result>
                                <secondary_result unit="ms" quantity="DbgPcmaPhotoEditingDocumentary1">37.612244</secondary_result>
                                <secondary_result unit="ms" quantity="DbgPcmaPhotoEditingDocumentary2">11.675261</secondary_result>
                                <secondary_result unit="ms" quantity="DbgPcmaPhotoEditingDocumentary3">14.70573</secondary_result>
                                <secondary_result result_type="PcmaPhotoEditingDocumentary" unit="ms" quantity="">21.331</secondary_result>
                                <secondary_result unit="ms" quantity="DbgPcmaPhotoEditingFilllight1">27.514482</secondary_result>
                                <secondary_result unit="ms" quantity="DbgPcmaPhotoEditingFilllight2">8.435365</secondary_result>
                                <secondary_result unit="ms" quantity="DbgPcmaPhotoEditingFilllight3">11.502813</secondary_result>
                                <secondary_result result_type="PcmaPhotoEditingFilllight" unit="ms" quantity="">15.818</secondary_result>
                                <secondary_result unit="ms" quantity="DbgPcmaPhotoEditingRgbadjustJava1">214.772369</secondary_result>
                                <secondary_result unit="ms" quantity="DbgPcmaPhotoEditingRgbadjustJava2">141.188858</secondary_result>
                                <secondary_result unit="ms" quantity="DbgPcmaPhotoEditingRgbadjustJava3">136.52829</secondary_result>
                                <secondary_result result_type="PcmaPhotoEditingRgbadjustJava" unit="ms" quantity="">164.163</secondary_result>
                                <secondary_result unit="ms" quantity="DbgPcmaPhotoEditingSharpen1">23.973751</secondary_result>
                                <secondary_result unit="ms" quantity="DbgPcmaPhotoEditingSharpen2">15.581148</secondary_result>
                                <secondary_result unit="ms" quantity="DbgPcmaPhotoEditingSharpen3">15.392762</secondary_result>
                                <secondary_result result_type="PcmaPhotoEditingSharpen" unit="ms" quantity="">18.316</secondary_result>
                                <secondary_result unit="ms" quantity="DbgPcmaPhotoEditingCropJava1">28.774586</secondary_result>
                                <secondary_result unit="ms" quantity="DbgPcmaPhotoEditingCropJava2">10.934897</secondary_result>
                                <secondary_result unit="ms" quantity="DbgPcmaPhotoEditingCropJava3">8.475887</secondary_result>
                                <secondary_result result_type="PcmaPhotoEditingCropJava" unit="ms" quantity="">16.062</secondary_result>
                                <secondary_result unit="ms" quantity="DbgPcmaPhotoEditingEmbossRs1">41.741047</secondary_result>
                                <secondary_result unit="ms" quantity="DbgPcmaPhotoEditingEmbossRs2">40.47443</secondary_result>
                                <secondary_result unit="ms" quantity="DbgPcmaPhotoEditingEmbossRs3">39.429588</secondary_result>
                                <secondary_result result_type="PcmaPhotoEditingEmbossRs" unit="ms" quantity="">40.548</secondary_result>
                                <secondary_result unit="ms" quantity="DbgPcmaPhotoEditingFetch1">53.024746</secondary_result>
                                <secondary_result unit="ms" quantity="DbgPcmaPhotoEditingFetch2">56.452087</secondary_result>
                                <secondary_result unit="ms" quantity="DbgPcmaPhotoEditingFetch3">53.311516</secondary_result>
                                <secondary_result unit="ms" quantity="DbgPcmaPhotoEditingFetch4">55.237244</secondary_result>
                                <secondary_result unit="ms" quantity="DbgPcmaPhotoEditingFetch5">50.602402</secondary_result>
                                <secondary_result unit="ms" quantity="DbgPcmaPhotoEditingFetch6">57.802872</secondary_result>
                                <secondary_result result_type="PcmaPhotoEditingFetch" unit="ms" quantity="">54.405</secondary_result>
                                <secondary_result unit="ms" quantity="DbgPcmaPhotoEditingSave1">162.408447</secondary_result>
                                <secondary_result unit="ms" quantity="DbgPcmaPhotoEditingSave2">135.625214</secondary_result>
                                <secondary_result unit="ms" quantity="DbgPcmaPhotoEditingSave3">130.697876</secondary_result>
                                <secondary_result unit="ms" quantity="DbgPcmaPhotoEditingSave4">128.110901</secondary_result>
                                <secondary_result unit="ms" quantity="DbgPcmaPhotoEditingSave5">137.402313</secondary_result>
                                <secondary_result unit="ms" quantity="DbgPcmaPhotoEditingSave6">141.389755</secondary_result>
                                <secondary_result result_type="PcmaPhotoEditingSave" unit="ms" quantity="">139.272</secondary_result>
                                <secondary_result unit="ms" quantity="DbgPcmaPhotoEditingCrossprocess1">40.108231</secondary_result>
                                <secondary_result unit="ms" quantity="DbgPcmaPhotoEditingCrossprocess2">8.346668</secondary_result>
                                <secondary_result unit="ms" quantity="DbgPcmaPhotoEditingCrossprocess3">9.896147</secondary_result>
                                <secondary_result result_type="PcmaPhotoEditingCrossprocess" unit="ms" quantity="">19.45</secondary_result>
                                <secondary_result unit="ms" quantity="DbgPcmaPhotoEditingContrastJava1">134.540588</secondary_result>
                                <secondary_result unit="ms" quantity="DbgPcmaPhotoEditingContrastJava2">134.122406</secondary_result>
                                <secondary_result unit="ms" quantity="DbgPcmaPhotoEditingContrastJava3">130.295853</secondary_result>
                                <secondary_result result_type="PcmaPhotoEditingContrastJava" unit="ms" quantity="">132.986</secondary_result>
                                <secondary_result unit="ms" quantity="DbgPcmaPhotoEditingGrain1">49.073441</secondary_result>
                                <secondary_result unit="ms" quantity="DbgPcmaPhotoEditingGrain2">26.175629</secondary_result>
                                <secondary_result unit="ms" quantity="DbgPcmaPhotoEditingGrain3">25.598648</secondary_result>
                                <secondary_result result_type="PcmaPhotoEditingGrain" unit="ms" quantity="">33.616</secondary_result>
                                <secondary_result unit="ms" quantity="DbgPcmaPhotoEditingFlipJava1">105.298241</secondary_result>
                                <secondary_result unit="ms" quantity="DbgPcmaPhotoEditingFlipJava2">64.759224</secondary_result>
                                <secondary_result unit="ms" quantity="DbgPcmaPhotoEditingFlipJava3">72.060219</secondary_result>
                                <secondary_result result_type="PcmaPhotoEditingFlipJava" unit="ms" quantity="">80.706</secondary_result>
                                <secondary_result unit="ms" quantity="DbgPcmaPhotoEditingRedEye1">28.474272</secondary_result>
                                <secondary_result unit="ms" quantity="DbgPcmaPhotoEditingRedEye2">15.741512</secondary_result>
                                <secondary_result unit="ms" quantity="DbgPcmaPhotoEditingRedEye3">18.600992</secondary_result>
                                <secondary_result result_type="PcmaPhotoEditingRedEye" unit="ms" quantity="">20.939</secondary_result>
                                <secondary_result unit="ms" quantity="DbgPcmaPhotoEditingContrast1">15.369637</secondary_result>
                                <secondary_result unit="ms" quantity="DbgPcmaPhotoEditingContrast2">8.371094</secondary_result>
                                <secondary_result unit="ms" quantity="DbgPcmaPhotoEditingContrast3">7.06125</secondary_result>
                                <secondary_result result_type="PcmaPhotoEditingContrast" unit="ms" quantity="">10.267</secondary_result>
                                <secondary_result unit="ms" quantity="DbgPcmaPhotoEditingSaturate1">23.312555</secondary_result>
                                <secondary_result unit="ms" quantity="DbgPcmaPhotoEditingSaturate2">13.778334</secondary_result>
                                <secondary_result unit="ms" quantity="DbgPcmaPhotoEditingSaturate3">10.364793</secondary_result>
                                <secondary_result result_type="PcmaPhotoEditingSaturate" unit="ms" quantity="">15.819</secondary_result>
                                <secondary_result unit="s" quantity="start_time">21345.631558</secondary_result>
                                <secondary_result unit="s" quantity="end_time">21396.287054</secondary_result>
                            </secondary_results>
                        </result>
                    </results>
                </workload>
            </workloads>
        </set>
        <set>
            <name>PcmaDataManipulation</name>
            <workloads>
                <workload>
                    <name>PcmaDataManipulation</name>
                    <settings>
                        <setting>
                            <name>monitoring_data_folder</name>
                            <value>/data/user/0/com.futuremark.pcmark.android.benchmark/files/21101884623803</value>
                        </setting>
                        <setting>
                            <name>workload_progress_end</name>
                            <value>100</value>
                        </setting>
                        <setting>
                            <name>workload_progress_start</name>
                            <value>80</value>
                        </setting>
                        <setting>
                            <name>dlc_name</name>
                            <value>pcma-datamanipulation-data</value>
                        </setting>
                        <setting>
                            <name>workload_resource_root</name>
                            <value>file:/storage/emulated/0/Android/data/com.futuremark.pcmark.android.benchmark/files/dlc/</value>
                        </setting>
                        <setting>
                            <name>progress_screen_delay_ms</name>
                            <value>5000</value>
                        </setting>
                        <setting>
                            <name>save_logcat_log_in_result</name>
                            <value>false</value>
                        </setting>
                        <setting>
                            <name>loop_bmrun_indefinitely</name>
                            <value>false</value>
                        </setting>
                        <setting>
                            <name>loop_bmrun_fixed_passes</name>
                            <value>1</value>
                        </setting>
                        <setting>
                            <name>thread_count</name>
                            <value>8</value>
                        </setting>
                        <setting>
                            <name>enable_dump</name>
                            <value>false</value>
                        </setting>
                        <setting>
                            <name>workload_name</name>
                            <value>PcmaDataManipulation</value>
                        </setting>
                        <setting>
                            <name>set_name</name>
                            <value>PcmaDataManipulation</value>
                        </setting>
                    </settings>
                    <results>
                        <result pass_index="0">
                            <status code="0"/>
                            <secondary_results>
                                <secondary_result result_type="PcmaDataManipulationReadCsv" unit="ms" quantity="">338.5</secondary_result>
                                <secondary_result result_type="PcmaDataManipulationReadXml" unit="ms" quantity="">52.375</secondary_result>
                                <secondary_result result_type="PcmaDataManipulationReadJson" unit="ms" quantity="">42.0</secondary_result>
                                <secondary_result result_type="PcmaDataManipulationReadProto" unit="ms" quantity="">11.75</secondary_result>
                                <secondary_result result_type="PcmaDataManipulationPieChart" unit="fps" quantity="">58.015181</secondary_result>
                                <secondary_result result_type="PcmaDataManipulationLineChart" unit="fps" quantity="">47.282135</secondary_result>
                                <secondary_result result_type="PcmaDataManipulationRealtimeChart" unit="fps" quantity="">33.344694</secondary_result>
                                <secondary_result result_type="PcmaDataManipulationMultiChart" unit="fps" quantity="">142.62872</secondary_result>
                                <secondary_result result_type="PcmaDataManipulationBarChart" unit="fps" quantity="">52.769204</secondary_result>
                                <secondary_result unit="s" quantity="start_time">21397.538929</secondary_result>
                                <secondary_result unit="s" quantity="end_time">21563.93779</secondary_result>
                            </secondary_results>
                        </result>
                    </results>
                </workload>
            </workloads>
        </set>
    </sets>
    <settings>
        <setting>
            <name>write_benchmark_run_xml_path</name>
            <value>/data/user/0/com.futuremark.pcmark.android.benchmark/files/2018-01-24T16-42-46-452.zip</value>
        </setting>
        <setting>
            <name>speed_run</name>
            <value>false</value>
        </setting>
    </settings>
    <results>
        <result pass_index="0">
            <name>PcmaWorkv2ScoreForPass</name>
            <value unit="">8522.0</value>
            <status code="0">OK</status>
        </result>
        <result pass_index="0">
            <name>PcmaDataManipulationScoreForPass</name>
            <value unit="">6023.0</value>
            <status code="0">OK</status>
        </result>
        <result pass_index="0">
            <name>PcmaWritingV2ScoreForPass</name>
            <value unit="">7794.0</value>
            <status code="0">OK</status>
        </result>
        <result pass_index="0">
            <name>PcmaWebV2ScoreForPass</name>
            <value unit="">7883.0</value>
            <status code="0">OK</status>
        </result>
        <result pass_index="0">
            <name>PcmaVideoEditingScoreForPass</name>
            <value unit="">6744.0</value>
            <status code="0">OK</status>
        </result>
        <result pass_index="0">
            <name>PcmaPhotoEditingV2ScoreForPass</name>
            <value unit="">18010.0</value>
            <status code="0">OK</status>
        </result>
        <result pass_index="-1">
            <name>PcmaVideoEditingScore</name>
            <value unit="">6744.0</value>
            <status code="0">OK</status>
        </result>
        <result pass_index="-1">
            <name>PcmaWorkv2Score</name>
            <value unit="">8522.0</value>
            <status code="0">OK</status>
        </result>
        <result pass_index="-1">
            <name>PcmaDataManipulationScore</name>
            <value unit="">6023.0</value>
            <status code="0">OK</status>
        </result>
        <result pass_index="-1">
            <name>PcmaWritingV2Score</name>
            <value unit="">7794.0</value>
            <status code="0">OK</status>
        </result>
        <result pass_index="-1">
            <name>PcmaPhotoEditingV2Score</name>
            <value unit="">18010.0</value>
            <status code="0">OK</status>
        </result>
        <result pass_index="-1">
            <name>PcmaWebV2Score</name>
            <value unit="">7883.0</value>
            <status code="0">OK</status>
        </result>
    </results>
    <execution_state fsm_state="FINALIZE_BENCHMARK_RESULT">
        <current_workload_index>4</current_workload_index>
    </execution_state>
</benchmark>
