<?xml version="1.0" encoding="UTF-8"?><benchmark>
    <results>
        <result>
            <description/>
            <name/>
            <passIndex>-1</passIndex>
            <benchmarkRunId>801170de-8332-43b0-a321-e516751b753c</benchmarkRunId>
            <result_PcmaVideoEditingScore>6744</result_PcmaVideoEditingScore>
            <result_PcmaWorkv2Score>8522</result_PcmaWorkv2Score>
            <result_PcmaDataManipulationScore>6023</result_PcmaDataManipulationScore>
            <result_PcmaWritingV2Score>7794</result_PcmaWritingV2Score>
            <result_PcmaPhotoEditingV2Score>18010</result_PcmaPhotoEditingV2Score>
            <result_PcmaWebV2Score>7883</result_PcmaWebV2Score>
        </result>
        <result>
            <description/>
            <name/>
            <passIndex>0</passIndex>
            <benchmarkRunId>801170de-8332-43b0-a321-e516751b753c</benchmarkRunId>
            <result_PcmaWorkv2ScoreForPass>8522</result_PcmaWorkv2ScoreForPass>
            <result_PcmaDataManipulationScoreForPass>6023</result_PcmaDataManipulationScoreForPass>
            <result_PcmaWritingV2ScoreForPass>7794</result_PcmaWritingV2ScoreForPass>
            <result_PcmaWebV2ScoreForPass>7883</result_PcmaWebV2ScoreForPass>
            <result_PcmaVideoEditingScoreForPass>6744</result_PcmaVideoEditingScoreForPass>
            <result_PcmaPhotoEditingV2ScoreForPass>18010</result_PcmaPhotoEditingV2ScoreForPass>
        </result>
    </results>
</benchmark>
