{"deviceClassifier":{"brand":"google","cpuClockFrequency":1900,"cpuModel":" ARMv8 Processor rev 1 (v8l)","device":"walleye","manufacturer":"Google","model":"Pixel 2"},"deviceIdentifier":{"board":"walleye","fingerprint":"google/walleye/walleye:8.1.0/OPM1.171019.013/4474084:user/release-keys","hardware":"walleye"},"deviceOs":{"osType":"ANDROID","osVersion":"8.1.0"},"systemData":{"battery":{"batteryLevelChangeSystemNanos":0,"health":"","level":0,"present":true,"scale":0,"status":"","temperature":0,"voltage":0},"cpus":[{"architecture":null,"avgOfCoreFrequenciesMhz":0.0,"coreFrequenciesHz":[0,0,0,0,0,0,0,0],"loadPercentage":0,"manufacturingProcessNm":0,"maxClockFrequencyHz":1900800,"maximumFrequencyHz":1900800,"minimumFrequencyHz":300000,"model":" ARMv8 Processor rev 1 (v8l)","revision":"r10p1","scalingGovernor":"userspace","subModel":" ARMv8 Processor rev 1 (v8l)"}],"gpus":[{"renderer":null,"vendor":null}],"memory":{"availableRamMB":0,"totalRamMB":0},"os":{"kernelArchitecture":"","kernelVersion":"","osVersion":""},"powerSource":{"maxDetectedType":"UNKNOWN","type":"UNKNOWN"},"relativeTimestampNs":21565012952230,"utcTimestampMs":1516812629923}}